t_dat,customer_id,article_id,price_x,sales_channel_id,week_number,time_decay_weight,year,month,week,day,day_of_week,price_tier_x,age,age_group,avg_spend_per_txn,spend_tier,active,prod_name,product_type_name,product_group_name,colour_group_name,department_name,season,price_y,price_tier_y,primary_age_group,days_since_purchase,recency_score,user_idx,item_idx,interaction_score
2024-09-01,C2009,A1046,48.12,2,35,0.0693,2024,9,35,1,6,Mid,44,36-45,99.23,premium,1,Grey Jeans,Jeans,Bottoms,Red,Mens,Summer,48.12,mid,26-35,89,0.011678566970395442,9,44,1.0116785669703954
2024-09-02,C2027,A1026,92.37,2,36,0.0714,2024,9,36,2,0,Mid,57,56-65,47.96,mid,1,White T-shirt,T-shirt,Tops,Black,Kids,Summer,92.37,premium,18-25,88,0.012277339903068436,27,24,1.0122773399030685
2024-09-02,C2022,A1034,33.27,1,36,0.0714,2024,9,36,2,0,Budget,45,36-45,78.65,mid,1,Beige T-shirt,T-shirt,Tops,Red,Mens,Summer,33.27,budget,50+,88,0.012277339903068436,22,32,1.0122773399030685
2024-09-02,C2008,A1034,33.27,1,36,0.0714,2024,9,36,2,0,Budget,44,36-45,17.6,budget,1,Beige T-shirt,T-shirt,Tops,Red,Mens,Summer,33.27,budget,50+,88,0.012277339903068436,8,32,1.0122773399030685
2024-09-03,C2026,A1042,96.95,2,36,0.0735,2024,9,36,3,1,Premium,41,36-45,60.29,mid,1,White Jeans,Jeans,Bottoms,Navy,Mens,Winter,96.95,premium,18-25,87,0.012906812580479862,26,40,1.0129068125804799
2024-09-04,C2002,A1014,135.69,1,36,0.0758,2024,9,36,4,2,Premium,26,26-35,19.39,budget,1,Grey Coat,Coat,Outerwear,Red,Womens,Winter,135.69,premium,50+,86,0.013568559012200934,2,13,1.013568559012201
2024-09-04,C2001,A1020,31.39,1,36,0.0758,2024,9,36,4,2,Budget,55,46-55,73.02,mid,0,Navy Shorts,Shorts,Bottoms,Navy,Kids,Summer,31.39,budget,26-35,86,0.013568559012200934,1,19,1.013568559012201
2024-09-05,C2007,A1018,25.61,2,36,0.0781,2024,9,36,5,3,Budget,28,26-35,117.5,premium,1,Blue Shorts,Shorts,Bottoms,Beige,Kids,Autumn,25.61,budget,50+,85,0.014264233908999256,7,17,1.0142642339089993
2024-09-06,C2010,A1047,45.15,2,36,0.0805,2024,9,36,6,4,Mid,35,26-35,31.72,budget,1,White Shorts,Shorts,Bottoms,Pink,Kids,Winter,45.15,mid,18-25,84,0.014995576820477703,10,45,1.0149955768204777
2024-09-07,C2017,A1015,22.72,1,36,0.0829,2024,9,36,7,5,Budget,61,56-65,118.02,premium,1,White Dress,Dress,Dresses,Blue,Kids,Winter,22.72,budget,18-25,83,0.015764416484854486,17,14,1.0157644164848545
2024-09-07,C2006,A1017,145.94,1,36,0.0829,2024,9,36,7,5,Premium,57,56-65,93.7,premium,1,White Sweater,Sweater,Tops,Navy,Kids,Autumn,145.94,premium,18-25,83,0.015764416484854486,6,16,1.0157644164848545
2024-09-09,C2013,A1026,92.37,2,37,0.088,2024,9,37,9,0,Mid,40,36-45,47.05,mid,1,White T-shirt,T-shirt,Tops,Black,Kids,Summer,92.37,premium,18-25,81,0.017422374639493515,13,24,1.0174223746394935
2024-09-09,C2016,A1041,65.4,2,37,0.088,2024,9,37,9,0,Mid,35,26-35,51.87,mid,0,Beige Blouse,Blouse,Tops,Grey,Mens,Autumn,65.4,mid,36-50,81,0.017422374639493515,16,39,1.0174223746394935
2024-09-09,C2008,A1049,88.52,2,37,0.088,2024,9,37,9,0,Mid,44,36-45,17.6,budget,1,White Sweater,Sweater,Tops,Blue,Kids,Winter,88.52,mid,18-25,81,0.017422374639493515,8,47,1.0174223746394935
2024-09-10,C2022,A1018,25.61,1,37,0.0907,2024,9,37,10,1,Budget,45,36-45,78.65,mid,1,Blue Shorts,Shorts,Bottoms,Beige,Kids,Autumn,25.61,budget,50+,80,0.01831563888873418,22,17,1.0183156388887342
2024-09-10,C2001,A1010,32.87,2,37,0.0907,2024,9,37,10,1,Budget,55,46-55,73.02,mid,0,Green Coat,Coat,Outerwear,Navy,Kids,Summer,32.87,budget,50+,80,0.01831563888873418,1,9,1.0183156388887342
2024-09-10,C2015,A1016,93.49,2,37,0.0907,2024,9,37,10,1,Premium,43,36-45,49.47,mid,1,Pink Dress,Dress,Dresses,Brown,Kids,Winter,93.49,premium,50+,80,0.01831563888873418,15,15,1.0183156388887342
2024-09-10,C2004,A1048,56.69,1,37,0.0907,2024,9,37,10,1,Mid,61,56-65,41.2,mid,1,Green Shorts,Shorts,Bottoms,Blue,Mens,Spring,56.69,mid,26-35,80,0.01831563888873418,4,46,1.0183156388887342
2024-09-11,C2020,A1027,130.34,1,37,0.0935,2024,9,37,11,2,Premium,20,19-25,26.38,budget,0,Navy Jacket,Jacket,Outerwear,Red,Mens,Spring,130.34,premium,18-25,79,0.01925470177538692,20,25,1.019254701775387
2024-09-11,C2015,A1001,14.44,1,37,0.0935,2024,9,37,11,2,Budget,43,36-45,49.47,mid,1,Red Jeans,Jeans,Bottoms,Red,Kids,Winter,14.44,budget,18-25,79,0.01925470177538692,15,1,1.019254701775387
2024-09-11,C2007,A1046,48.12,2,37,0.0935,2024,9,37,11,2,Mid,28,26-35,117.5,premium,1,Grey Jeans,Jeans,Bottoms,Red,Mens,Summer,48.12,mid,26-35,79,0.01925470177538692,7,44,1.019254701775387
2024-09-11,C2007,A1007,16.41,2,37,0.0935,2024,9,37,11,2,Budget,28,26-35,117.5,premium,1,Green Sneakers,Sneakers,Footwear,White,Mens,Spring,16.41,budget,26-35,79,0.01925470177538692,7,7,1.019254701775387
2024-09-12,C2026,A1048,56.69,1,37,0.0963,2024,9,37,12,3,Mid,41,36-45,60.29,mid,1,Green Shorts,Shorts,Bottoms,Blue,Mens,Spring,56.69,mid,26-35,78,0.02024191144580438,26,46,1.0202419114458043
2024-09-12,C2029,A1018,25.61,2,37,0.0963,2024,9,37,12,3,Budget,60,56-65,57.88,mid,0,Blue Shorts,Shorts,Bottoms,Beige,Kids,Autumn,25.61,budget,50+,78,0.02024191144580438,29,17,1.0202419114458043
2024-09-13,C2026,A1012,19.26,2,37,0.0993,2024,9,37,13,4,Budget,41,36-45,60.29,mid,1,Red Blouse,Blouse,Tops,Beige,Womens,Autumn,19.26,budget,36-50,77,0.02127973643837717,26,11,1.0212797364383772
2024-09-13,C2027,A1028,39.98,1,37,0.0993,2024,9,37,13,4,Budget,57,56-65,47.96,mid,1,Brown Shorts,Shorts,Bottoms,Brown,Kids,Winter,39.98,budget,26-35,77,0.02127973643837717,27,26,1.0212797364383772
2024-09-13,C2024,A1040,68.68,1,37,0.0993,2024,9,37,13,4,Mid,34,26-35,19.66,budget,0,Green T-shirt,T-shirt,Tops,Red,Kids,Spring,68.68,mid,36-50,77,0.02127973643837717,24,38,1.0212797364383772
2024-09-14,C2024,A1027,130.34,1,37,0.1023,2024,9,37,14,5,Premium,34,26-35,19.66,budget,0,Navy Jacket,Jacket,Outerwear,Red,Mens,Spring,130.34,premium,18-25,76,0.02237077185616559,24,25,1.0223707718561656
2024-09-14,C2022,A1049,88.52,2,37,0.1023,2024,9,37,14,5,Mid,45,36-45,78.65,mid,1,White Sweater,Sweater,Tops,Blue,Kids,Winter,88.52,mid,18-25,76,0.02237077185616559,22,47,1.0223707718561656
2024-09-14,C2013,A1023,27.96,2,37,0.1023,2024,9,37,14,5,Budget,40,36-45,47.05,mid,1,Navy Jeans,Jeans,Bottoms,Blue,Kids,Summer,27.96,budget,50+,76,0.02237077185616559,13,21,1.0223707718561656
2024-09-14,C2027,A1000,44.27,2,37,0.1023,2024,9,37,14,5,Mid,57,56-65,47.96,mid,1,White Jeans,Jeans,Bottoms,Navy,Mens,Autumn,44.27,mid,26-35,76,0.02237077185616559,27,0,1.0223707718561656
2024-09-15,C2026,A1004,144.0,2,37,0.1054,2024,9,37,15,6,Premium,41,36-45,60.29,mid,1,White Shorts,Shorts,Bottoms,White,Mens,Summer,144.0,premium,36-50,75,0.023517745856009107,26,4,1.0235177458560092
2024-09-15,C2014,A1007,16.41,1,37,0.1054,2024,9,37,15,6,Budget,32,26-35,17.48,budget,1,Green Sneakers,Sneakers,Footwear,White,Mens,Spring,16.41,budget,26-35,75,0.023517745856009107,14,7,1.0235177458560092
2024-09-16,C2000,A1040,68.68,1,38,0.1086,2024,9,38,16,0,Mid,52,46-55,18.78,budget,1,Green T-shirt,T-shirt,Tops,Red,Kids,Spring,68.68,mid,36-50,74,0.024723526470339388,0,38,1.0247235264703394
2024-09-18,C2004,A1014,135.69,2,38,0.1153,2024,9,38,18,2,Premium,61,56-65,41.2,mid,1,Grey Coat,Coat,Outerwear,Red,Womens,Winter,135.69,premium,50+,72,0.02732372244729256,4,13,1.0273237224472926
2024-09-19,C2000,A1002,88.56,1,38,0.1188,2024,9,38,19,3,Mid,52,46-55,18.78,budget,1,Red Coat,Coat,Outerwear,Beige,Kids,Spring,88.56,mid,50+,71,0.028724639654239423,0,2,1.0287246396542393
2024-09-19,C2013,A1041,65.4,1,38,0.1188,2024,9,38,19,3,Mid,40,36-45,47.05,mid,1,Beige Blouse,Blouse,Tops,Grey,Mens,Autumn,65.4,mid,36-50,71,0.028724639654239423,13,39,1.0287246396542393
2024-09-19,C2007,A1033,123.11,2,38,0.1188,2024,9,38,19,3,Premium,28,26-35,117.5,premium,1,Black Jacket,Jacket,Outerwear,Navy,Mens,Winter,123.11,premium,18-25,71,0.028724639654239423,7,31,1.0287246396542393
2024-09-20,C2013,A1011,127.99,2,38,0.1225,2024,9,38,20,4,Premium,40,36-45,47.05,mid,1,Red Jacket,Jacket,Outerwear,Black,Kids,Autumn,127.99,premium,18-25,70,0.0301973834223185,13,10,1.0301973834223186
2024-09-20,C2004,A1036,31.66,2,38,0.1225,2024,9,38,20,4,Budget,61,56-65,41.2,mid,1,Red Shorts,Shorts,Bottoms,Black,Womens,Winter,31.66,budget,36-50,70,0.0301973834223185,4,34,1.0301973834223186
2024-09-20,C2014,A1034,33.27,2,38,0.1225,2024,9,38,20,4,Budget,32,26-35,17.48,budget,1,Beige T-shirt,T-shirt,Tops,Red,Mens,Summer,33.27,budget,50+,70,0.0301973834223185,14,32,1.0301973834223186
2024-09-21,C2009,A1006,21.02,1,38,0.1262,2024,9,38,21,5,Budget,44,36-45,99.23,premium,1,Brown Coat,Coat,Outerwear,Grey,Mens,Winter,21.02,budget,36-50,69,0.03174563637806794,9,6,1.031745636378068
2024-09-21,C2007,A1011,127.99,1,38,0.1262,2024,9,38,21,5,Premium,28,26-35,117.5,premium,1,Red Jacket,Jacket,Outerwear,Black,Kids,Autumn,127.99,premium,18-25,69,0.03174563637806794,7,10,1.031745636378068
2024-09-21,C2000,A1026,92.37,2,38,0.1262,2024,9,38,21,5,Mid,52,46-55,18.78,budget,1,White T-shirt,T-shirt,Tops,Black,Kids,Summer,92.37,premium,18-25,69,0.03174563637806794,0,24,1.031745636378068
2024-09-21,C2009,A1035,63.05,1,38,0.1262,2024,9,38,21,5,Mid,44,36-45,99.23,premium,1,Green Skirt,Skirt,Bottoms,Beige,Mens,Summer,63.05,mid,50+,69,0.03174563637806794,9,33,1.031745636378068
2024-09-22,C2008,A1030,67.54,2,38,0.13,2024,9,38,22,6,Mid,44,36-45,17.6,budget,1,White Skirt,Skirt,Bottoms,Black,Womens,Winter,67.54,mid,18-25,68,0.033373269960326066,8,28,1.033373269960326
2024-09-23,C2025,A1044,71.34,2,39,0.134,2024,9,39,23,0,Mid,18,0-18,69.59,mid,1,Brown Blouse,Blouse,Tops,Navy,Womens,Summer,71.34,mid,36-50,67,0.035084354100845025,25,42,1.035084354100845
2024-09-23,C2015,A1033,123.11,2,39,0.134,2024,9,39,23,0,Premium,43,36-45,49.47,mid,1,Black Jacket,Jacket,Outerwear,Navy,Mens,Winter,123.11,premium,18-25,67,0.035084354100845025,15,31,1.035084354100845
2024-09-23,C2002,A1039,66.52,2,39,0.134,2024,9,39,23,0,Mid,26,26-35,19.39,budget,1,Brown Sneakers,Sneakers,Footwear,Brown,Mens,Summer,66.52,mid,26-35,67,0.035084354100845025,2,37,1.035084354100845
2024-09-24,C2015,A1013,29.99,2,39,0.1381,2024,9,39,24,1,Budget,43,36-45,49.47,mid,1,Red Skirt,Skirt,Bottoms,Navy,Kids,Winter,29.99,budget,26-35,66,0.036883167401239994,15,12,1.03688316740124
2024-09-24,C2001,A1016,93.49,2,39,0.1381,2024,9,39,24,1,Premium,55,46-55,73.02,mid,0,Pink Dress,Dress,Dresses,Brown,Kids,Winter,93.49,premium,50+,66,0.036883167401239994,1,15,1.03688316740124
2024-09-25,C2013,A1042,96.95,2,39,0.1423,2024,9,39,25,2,Premium,40,36-45,47.05,mid,1,White Jeans,Jeans,Bottoms,Navy,Mens,Winter,96.95,premium,18-25,65,0.03877420783172201,13,40,1.038774207831722
2024-09-25,C2010,A1007,16.41,1,39,0.1423,2024,9,39,25,2,Budget,35,26-35,31.72,budget,1,Green Sneakers,Sneakers,Footwear,White,Mens,Spring,16.41,budget,26-35,65,0.03877420783172201,10,7,1.038774207831722
2024-09-25,C2006,A1047,45.15,2,39,0.1423,2024,9,39,25,2,Mid,57,56-65,93.7,premium,1,White Shorts,Shorts,Bottoms,Pink,Kids,Winter,45.15,mid,18-25,65,0.03877420783172201,6,45,1.038774207831722
2024-09-27,C2026,A1026,92.37,2,39,0.1511,2024,9,39,27,4,Mid,41,36-45,60.29,mid,1,White T-shirt,T-shirt,Tops,Black,Kids,Summer,92.37,premium,18-25,63,0.042852126867040166,26,24,1.04285212686704
2024-09-30,C2011,A1011,127.99,2,40,0.1653,2024,9,40,30,0,Premium,42,36-45,106.58,premium,0,Red Jacket,Jacket,Outerwear,Black,Kids,Autumn,127.99,premium,18-25,60,0.049787068367863944,11,10,1.0497870683678638
2024-09-30,C2027,A1049,88.52,2,40,0.1653,2024,9,40,30,0,Mid,57,56-65,47.96,mid,1,White Sweater,Sweater,Tops,Blue,Kids,Winter,88.52,mid,18-25,60,0.049787068367863944,27,47,1.0497870683678638
2024-09-30,C2023,A1005,128.64,2,40,0.1653,2024,9,40,30,0,Premium,42,36-45,109.45,premium,1,Black Skirt,Skirt,Bottoms,Beige,Mens,Autumn,128.64,premium,36-50,60,0.049787068367863944,23,5,1.0497870683678638
2024-09-30,C2019,A1022,132.91,1,40,0.1653,2024,9,40,30,0,Premium,29,26-35,75.96,mid,1,White Jacket,Jacket,Outerwear,Beige,Mens,Summer,132.91,premium,18-25,60,0.049787068367863944,19,20,1.0497870683678638
2024-10-01,C2004,A1030,67.54,1,40,0.1703,2024,10,40,1,1,Mid,61,56-65,41.2,mid,1,White Skirt,Skirt,Bottoms,Black,Womens,Winter,67.54,mid,18-25,59,0.05233970594843238,4,28,1.0523397059484323
2024-10-01,C2020,A1043,28.53,2,40,0.1703,2024,10,40,1,1,Budget,20,19-25,26.38,budget,0,White Jacket,Jacket,Outerwear,Red,Kids,Autumn,28.53,budget,36-50,59,0.05233970594843238,20,41,1.0523397059484323
2024-10-01,C2012,A1036,31.66,2,40,0.1703,2024,10,40,1,1,Budget,32,26-35,35.96,budget,0,Red Shorts,Shorts,Bottoms,Black,Womens,Winter,31.66,budget,36-50,59,0.05233970594843238,12,34,1.0523397059484323
2024-10-02,C2004,A1041,65.4,1,40,0.1755,2024,10,40,2,2,Mid,61,56-65,41.2,mid,1,Beige Blouse,Blouse,Tops,Grey,Mens,Autumn,65.4,mid,36-50,58,0.05502322005640721,4,39,1.0550232200564071
2024-10-02,C2006,A1001,14.44,1,40,0.1755,2024,10,40,2,2,Budget,57,56-65,93.7,premium,1,Red Jeans,Jeans,Bottoms,Red,Kids,Winter,14.44,budget,18-25,58,0.05502322005640721,6,1,1.0550232200564071
2024-10-04,C2010,A1017,145.94,2,40,0.1864,2024,10,40,4,4,Premium,35,26-35,31.72,budget,1,White Sweater,Sweater,Tops,Navy,Kids,Autumn,145.94,premium,18-25,56,0.06081006262521795,10,16,1.060810062625218
2024-10-05,C2010,A1020,31.39,1,40,0.192,2024,10,40,5,5,Budget,35,26-35,31.72,budget,1,Navy Shorts,Shorts,Bottoms,Navy,Kids,Summer,31.39,budget,26-35,55,0.06392786120670757,10,19,1.0639278612067076
2024-10-06,C2024,A1026,92.37,2,40,0.1979,2024,10,40,6,6,Mid,34,26-35,19.66,budget,0,White T-shirt,T-shirt,Tops,Black,Kids,Summer,92.37,premium,18-25,54,0.06720551273974976,24,24,1.0672055127397497
2024-10-06,C2028,A1028,39.98,1,40,0.1979,2024,10,40,6,6,Budget,64,56-65,109.5,premium,1,Brown Shorts,Shorts,Bottoms,Brown,Kids,Winter,39.98,budget,26-35,54,0.06720551273974976,28,26,1.0672055127397497
2024-10-06,C2023,A1037,114.71,2,40,0.1979,2024,10,40,6,6,Premium,42,36-45,109.45,premium,1,Black Sneakers,Sneakers,Footwear,Brown,Kids,Spring,114.71,premium,18-25,54,0.06720551273974976,23,35,1.0672055127397497
2024-10-06,C2001,A1003,116.22,2,40,0.1979,2024,10,40,6,6,Premium,55,46-55,73.02,mid,0,Pink Sneakers,Sneakers,Footwear,Grey,Womens,Spring,116.22,premium,26-35,54,0.06720551273974976,1,3,1.0672055127397497
2024-10-06,C2005,A1037,114.71,2,40,0.1979,2024,10,40,6,6,Premium,40,36-45,96.91,premium,0,Black Sneakers,Sneakers,Footwear,Brown,Kids,Spring,114.71,premium,18-25,54,0.06720551273974976,5,35,1.0672055127397497
2024-10-06,C2000,A1036,31.66,1,40,0.1979,2024,10,40,6,6,Budget,52,46-55,18.78,budget,1,Red Shorts,Shorts,Bottoms,Black,Womens,Winter,31.66,budget,36-50,54,0.06720551273974976,0,34,1.0672055127397497
2024-10-07,C2006,A1027,130.34,2,41,0.2039,2024,10,41,7,0,Premium,57,56-65,93.7,premium,1,Navy Jacket,Jacket,Outerwear,Red,Mens,Spring,130.34,premium,18-25,53,0.07065121306042957,6,25,1.0706512130604295
2024-10-07,C2021,A1025,26.93,1,41,0.2039,2024,10,41,7,0,Budget,40,36-45,91.5,premium,1,White Blouse,Blouse,Tops,Grey,Womens,Winter,26.93,budget,26-35,53,0.07065121306042957,21,23,1.0706512130604295
2024-10-07,C2014,A1044,71.34,2,41,0.2039,2024,10,41,7,0,Mid,32,26-35,17.48,budget,1,Brown Blouse,Blouse,Tops,Navy,Womens,Summer,71.34,mid,36-50,53,0.07065121306042957,14,42,1.0706512130604295
2024-10-08,C2007,A1025,26.93,1,41,0.2101,2024,10,41,8,1,Budget,28,26-35,117.5,premium,1,White Blouse,Blouse,Tops,Grey,Womens,Winter,26.93,budget,26-35,52,0.07427357821433388,7,23,1.0742735782143338
2024-10-08,C2011,A1023,27.96,2,41,0.2101,2024,10,41,8,1,Budget,42,36-45,106.58,premium,0,Navy Jeans,Jeans,Bottoms,Blue,Kids,Summer,27.96,budget,50+,52,0.07427357821433388,11,21,1.0742735782143338
2024-10-09,C2027,A1037,114.71,2,41,0.2165,2024,10,41,9,2,Premium,57,56-65,47.96,mid,1,Black Sneakers,Sneakers,Footwear,Brown,Kids,Spring,114.71,premium,18-25,51,0.07808166600115313,27,35,1.0780816660011532
2024-10-10,C2018,A1043,28.53,2,41,0.2231,2024,10,41,10,3,Budget,19,19-25,27.11,budget,1,White Jacket,Jacket,Outerwear,Red,Kids,Autumn,28.53,budget,36-50,50,0.0820849986238988,18,41,1.0820849986238987
2024-10-10,C2021,A1037,114.71,2,41,0.2231,2024,10,41,10,3,Premium,40,36-45,91.5,premium,1,Black Sneakers,Sneakers,Footwear,Brown,Kids,Spring,114.71,premium,18-25,50,0.0820849986238988,21,35,1.0820849986238987
2024-10-10,C2008,A1014,135.69,1,41,0.2231,2024,10,41,10,3,Premium,44,36-45,17.6,budget,1,Grey Coat,Coat,Outerwear,Red,Womens,Winter,135.69,premium,50+,50,0.0820849986238988,8,13,1.0820849986238987
2024-10-10,C2018,A1039,66.52,1,41,0.2231,2024,10,41,10,3,Mid,19,19-25,27.11,budget,1,Brown Sneakers,Sneakers,Footwear,Brown,Mens,Summer,66.52,mid,26-35,50,0.0820849986238988,18,37,1.0820849986238987
2024-10-10,C2025,A1028,39.98,1,41,0.2231,2024,10,41,10,3,Budget,18,0-18,69.59,mid,1,Brown Shorts,Shorts,Bottoms,Brown,Kids,Winter,39.98,budget,26-35,50,0.0820849986238988,25,26,1.0820849986238987
2024-10-11,C2020,A1045,140.44,2,41,0.2299,2024,10,41,11,4,Premium,20,19-25,26.38,budget,0,Blue T-shirt,T-shirt,Tops,Green,Kids,Autumn,140.44,premium,18-25,49,0.0862935864993705,20,43,1.0862935864993706
2024-10-12,C2010,A1048,56.69,2,41,0.2369,2024,10,41,12,5,Mid,35,26-35,31.72,budget,1,Green Shorts,Shorts,Bottoms,Blue,Mens,Spring,56.69,mid,26-35,48,0.09071795328941247,10,46,1.0907179532894125
2024-10-12,C2027,A1015,22.72,1,41,0.2369,2024,10,41,12,5,Budget,57,56-65,47.96,mid,1,White Dress,Dress,Dresses,Blue,Kids,Winter,22.72,budget,18-25,48,0.09071795328941247,27,14,1.0907179532894125
2024-10-12,C2021,A1006,21.02,1,41,0.2369,2024,10,41,12,5,Budget,40,36-45,91.5,premium,1,Brown Coat,Coat,Outerwear,Grey,Mens,Winter,21.02,budget,36-50,48,0.09071795328941247,21,6,1.0907179532894125
2024-10-12,C2003,A1049,88.52,2,41,0.2369,2024,10,41,12,5,Mid,20,19-25,109.39,premium,1,White Sweater,Sweater,Tops,Blue,Kids,Winter,88.52,mid,18-25,48,0.09071795328941247,3,47,1.0907179532894125
2024-10-13,C2013,A1044,71.34,2,41,0.2441,2024,10,41,13,6,Mid,40,36-45,47.05,mid,1,Brown Blouse,Blouse,Tops,Navy,Womens,Summer,71.34,mid,36-50,47,0.09536916221554961,13,42,1.0953691622155497
2024-10-13,C2027,A1043,28.53,2,41,0.2441,2024,10,41,13,6,Budget,57,56-65,47.96,mid,1,White Jacket,Jacket,Outerwear,Red,Kids,Autumn,28.53,budget,36-50,47,0.09536916221554961,27,41,1.0953691622155497
2024-10-14,C2000,A1031,122.07,2,42,0.2516,2024,10,42,14,0,Premium,52,46-55,18.78,budget,1,Red Skirt,Skirt,Bottoms,Red,Kids,Autumn,122.07,premium,18-25,46,0.1002588437228037,0,29,1.1002588437228038
2024-10-14,C2029,A1032,29.62,2,42,0.2516,2024,10,42,14,0,Budget,60,56-65,57.88,mid,0,Green Jacket,Jacket,Outerwear,Beige,Kids,Winter,29.62,budget,26-35,46,0.1002588437228037,29,30,1.1002588437228038
2024-10-14,C2025,A1007,16.41,2,42,0.2516,2024,10,42,14,0,Budget,18,0-18,69.59,mid,1,Green Sneakers,Sneakers,Footwear,White,Mens,Spring,16.41,budget,26-35,46,0.1002588437228037,25,7,1.1002588437228038
2024-10-15,C2007,A1041,65.4,1,42,0.2592,2024,10,42,15,1,Mid,28,26-35,117.5,premium,1,Beige Blouse,Blouse,Tops,Grey,Mens,Autumn,65.4,mid,36-50,45,0.10539922456186433,7,39,1.1053992245618642
2024-10-15,C2017,A1027,130.34,2,42,0.2592,2024,10,42,15,1,Premium,61,56-65,118.02,premium,1,Navy Jacket,Jacket,Outerwear,Red,Mens,Spring,130.34,premium,18-25,45,0.10539922456186433,17,25,1.1053992245618642
2024-10-15,C2010,A1035,63.05,2,42,0.2592,2024,10,42,15,1,Mid,35,26-35,31.72,budget,1,Green Skirt,Skirt,Bottoms,Beige,Mens,Summer,63.05,mid,50+,45,0.10539922456186433,10,33,1.1053992245618642
2024-10-16,C2022,A1029,123.04,2,42,0.2671,2024,10,42,16,2,Premium,45,36-45,78.65,mid,1,White Sweater,Sweater,Tops,White,Mens,Winter,123.04,premium,26-35,44,0.11080315836233387,22,27,1.110803158362334
2024-10-18,C2005,A1038,17.95,1,42,0.2837,2024,10,42,18,4,Budget,40,36-45,96.91,premium,0,Blue Sweater,Sweater,Tops,White,Kids,Summer,17.95,budget,18-25,42,0.1224564282529819,5,36,1.1224564282529819
2024-10-19,C2010,A1013,29.99,2,42,0.2923,2024,10,42,19,5,Budget,35,26-35,31.72,budget,1,Red Skirt,Skirt,Bottoms,Navy,Kids,Winter,29.99,budget,26-35,41,0.12873490358780418,10,12,1.1287349035878043
2024-10-19,C2012,A1042,96.95,1,42,0.2923,2024,10,42,19,5,Premium,32,26-35,35.96,budget,0,White Jeans,Jeans,Bottoms,Navy,Mens,Winter,96.95,premium,18-25,41,0.12873490358780418,12,40,1.1287349035878043
2024-10-20,C2027,A1026,92.37,1,42,0.3012,2024,10,42,20,6,Mid,57,56-65,47.96,mid,1,White T-shirt,T-shirt,Tops,Black,Kids,Summer,92.37,premium,18-25,40,0.1353352832366127,27,24,1.1353352832366128
2024-10-20,C2027,A1030,67.54,1,42,0.3012,2024,10,42,20,6,Mid,57,56-65,47.96,mid,1,White Skirt,Skirt,Bottoms,Black,Womens,Winter,67.54,mid,18-25,40,0.1353352832366127,27,28,1.1353352832366128
2024-10-21,C2018,A1036,31.66,1,43,0.3104,2024,10,43,21,0,Budget,19,19-25,27.11,budget,1,Red Shorts,Shorts,Bottoms,Black,Womens,Winter,31.66,budget,36-50,39,0.14227407158651353,18,34,1.1422740715865136
2024-10-21,C2022,A1012,19.26,1,43,0.3104,2024,10,43,21,0,Budget,45,36-45,78.65,mid,1,Red Blouse,Blouse,Tops,Beige,Womens,Autumn,19.26,budget,36-50,39,0.14227407158651353,22,11,1.1422740715865136
2024-10-22,C2017,A1000,44.27,2,43,0.3198,2024,10,43,22,1,Mid,61,56-65,118.02,premium,1,White Jeans,Jeans,Bottoms,Navy,Mens,Autumn,44.27,mid,26-35,38,0.14956861922263504,17,0,1.149568619222635
2024-10-23,C2001,A1012,19.26,2,43,0.3296,2024,10,43,23,2,Budget,55,46-55,73.02,mid,0,Red Blouse,Blouse,Tops,Beige,Womens,Autumn,19.26,budget,36-50,37,0.1572371663136276,1,11,1.1572371663136276
2024-10-24,C2005,A1012,19.26,1,43,0.3396,2024,10,43,24,3,Budget,40,36-45,96.91,premium,0,Red Blouse,Blouse,Tops,Beige,Womens,Autumn,19.26,budget,36-50,36,0.16529888822158653,5,11,1.1652988882215864
2024-10-25,C2023,A1035,63.05,2,43,0.3499,2024,10,43,25,4,Mid,42,36-45,109.45,premium,1,Green Skirt,Skirt,Bottoms,Beige,Mens,Summer,63.05,mid,50+,35,0.17377394345044514,23,33,1.173773943450445
2024-10-25,C2003,A1034,33.27,1,43,0.3499,2024,10,43,25,4,Budget,20,19-25,109.39,premium,1,Beige T-shirt,T-shirt,Tops,Red,Mens,Summer,33.27,budget,50+,35,0.17377394345044514,3,32,1.173773943450445
2024-10-26,C2023,A1020,31.39,2,43,0.3606,2024,10,43,26,5,Budget,42,36-45,109.45,premium,1,Navy Shorts,Shorts,Bottoms,Navy,Kids,Summer,31.39,budget,26-35,34,0.1826835240527346,23,19,1.1826835240527347
2024-10-27,C2019,A1046,48.12,2,43,0.3716,2024,10,43,27,6,Mid,29,26-35,75.96,mid,1,Grey Jeans,Jeans,Bottoms,Red,Mens,Summer,48.12,mid,26-35,33,0.19204990862075408,19,44,1.192049908620754
2024-10-27,C2003,A1029,123.04,2,43,0.3716,2024,10,43,27,6,Premium,20,19-25,109.39,premium,1,White Sweater,Sweater,Tops,White,Mens,Winter,123.04,premium,26-35,33,0.19204990862075408,3,27,1.192049908620754
2024-10-27,C2002,A1038,17.95,1,43,0.3716,2024,10,43,27,6,Budget,26,26-35,19.39,budget,1,Blue Sweater,Sweater,Tops,White,Kids,Summer,17.95,budget,18-25,33,0.19204990862075408,2,36,1.192049908620754
2024-10-27,C2005,A1044,71.34,2,43,0.3716,2024,10,43,27,6,Mid,40,36-45,96.91,premium,0,Brown Blouse,Blouse,Tops,Navy,Womens,Summer,71.34,mid,36-50,33,0.19204990862075408,5,42,1.192049908620754
2024-10-27,C2011,A1037,114.71,2,43,0.3716,2024,10,43,27,6,Premium,42,36-45,106.58,premium,0,Black Sneakers,Sneakers,Footwear,Brown,Kids,Spring,114.71,premium,18-25,33,0.19204990862075408,11,35,1.192049908620754
2024-10-28,C2008,A1048,56.69,1,44,0.3829,2024,10,44,28,0,Mid,44,36-45,17.6,budget,1,Green Shorts,Shorts,Bottoms,Blue,Mens,Spring,56.69,mid,26-35,32,0.20189651799465538,8,46,1.2018965179946555
2024-10-28,C2025,A1001,14.44,1,44,0.3829,2024,10,44,28,0,Budget,18,0-18,69.59,mid,1,Red Jeans,Jeans,Bottoms,Red,Kids,Winter,14.44,budget,18-25,32,0.20189651799465538,25,1,1.2018965179946555
2024-10-29,C2013,A1040,68.68,1,44,0.3946,2024,10,44,29,1,Mid,40,36-45,47.05,mid,1,Green T-shirt,T-shirt,Tops,Red,Kids,Spring,68.68,mid,36-50,31,0.21224797382674304,13,38,1.212247973826743
2024-10-29,C2004,A1029,123.04,2,44,0.3946,2024,10,44,29,1,Premium,61,56-65,41.2,mid,1,White Sweater,Sweater,Tops,White,Mens,Winter,123.04,premium,26-35,31,0.21224797382674304,4,27,1.212247973826743
2024-10-29,C2002,A1020,31.39,2,44,0.3946,2024,10,44,29,1,Budget,26,26-35,19.39,budget,1,Navy Shorts,Shorts,Bottoms,Navy,Kids,Summer,31.39,budget,26-35,31,0.21224797382674304,2,19,1.212247973826743
2024-10-29,C2029,A1020,31.39,1,44,0.3946,2024,10,44,29,1,Budget,60,56-65,57.88,mid,0,Navy Shorts,Shorts,Bottoms,Navy,Kids,Summer,31.39,budget,26-35,31,0.21224797382674304,29,19,1.212247973826743
2024-10-29,C2027,A1019,146.05,1,44,0.3946,2024,10,44,29,1,Premium,57,56-65,47.96,mid,1,Navy T-shirt,T-shirt,Tops,White,Kids,Autumn,146.05,premium,26-35,31,0.21224797382674304,27,18,1.212247973826743
2024-10-29,C2011,A1043,28.53,2,44,0.3946,2024,10,44,29,1,Budget,42,36-45,106.58,premium,0,White Jacket,Jacket,Outerwear,Red,Kids,Autumn,28.53,budget,36-50,31,0.21224797382674304,11,41,1.212247973826743
2024-10-30,C2014,A1028,39.98,1,44,0.4066,2024,10,44,30,2,Budget,32,26-35,17.48,budget,1,Brown Shorts,Shorts,Bottoms,Brown,Kids,Winter,39.98,budget,26-35,30,0.22313016014842982,14,26,1.22313016014843
2024-10-30,C2029,A1008,48.91,1,44,0.4066,2024,10,44,30,2,Mid,60,56-65,57.88,mid,0,Blue Jacket,Jacket,Outerwear,Grey,Mens,Winter,48.91,mid,36-50,30,0.22313016014842982,29,8,1.22313016014843
2024-10-30,C2005,A1003,116.22,2,44,0.4066,2024,10,44,30,2,Premium,40,36-45,96.91,premium,0,Pink Sneakers,Sneakers,Footwear,Grey,Womens,Spring,116.22,premium,26-35,30,0.22313016014842982,5,3,1.22313016014843
2024-10-30,C2013,A1046,48.12,2,44,0.4066,2024,10,44,30,2,Mid,40,36-45,47.05,mid,1,Grey Jeans,Jeans,Bottoms,Red,Mens,Summer,48.12,mid,26-35,30,0.22313016014842982,13,44,1.22313016014843
2024-10-30,C2018,A1039,66.52,2,44,0.4066,2024,10,44,30,2,Mid,19,19-25,27.11,budget,1,Brown Sneakers,Sneakers,Footwear,Brown,Mens,Summer,66.52,mid,26-35,30,0.22313016014842982,18,37,1.22313016014843
2024-10-31,C2019,A1049,88.52,1,44,0.419,2024,10,44,31,3,Mid,29,26-35,75.96,mid,1,White Sweater,Sweater,Tops,Blue,Kids,Winter,88.52,mid,18-25,29,0.23457028809379762,19,47,1.2345702880937977
2024-10-31,C2017,A1033,123.11,2,44,0.419,2024,10,44,31,3,Premium,61,56-65,118.02,premium,1,Black Jacket,Jacket,Outerwear,Navy,Mens,Winter,123.11,premium,18-25,29,0.23457028809379762,17,31,1.2345702880937977
2024-10-31,C2015,A1028,39.98,2,44,0.419,2024,10,44,31,3,Budget,43,36-45,49.47,mid,1,Brown Shorts,Shorts,Bottoms,Brown,Kids,Winter,39.98,budget,26-35,29,0.23457028809379762,15,26,1.2345702880937977
2024-10-31,C2011,A1026,92.37,2,44,0.419,2024,10,44,31,3,Mid,42,36-45,106.58,premium,0,White T-shirt,T-shirt,Tops,Black,Kids,Summer,92.37,premium,18-25,29,0.23457028809379762,11,24,1.2345702880937977
2024-11-01,C2000,A1022,132.91,2,44,0.4317,2024,11,44,1,4,Premium,52,46-55,18.78,budget,1,White Jacket,Jacket,Outerwear,Beige,Mens,Summer,132.91,premium,18-25,28,0.24659696394160643,0,20,1.2465969639416064
2024-11-01,C2015,A1015,22.72,2,44,0.4317,2024,11,44,1,4,Budget,43,36-45,49.47,mid,1,White Dress,Dress,Dresses,Blue,Kids,Winter,22.72,budget,18-25,28,0.24659696394160643,15,14,1.2465969639416064
2024-11-02,C2007,A1017,145.94,2,44,0.4449,2024,11,44,2,5,Premium,28,26-35,117.5,premium,1,White Sweater,Sweater,Tops,Navy,Kids,Autumn,145.94,premium,18-25,27,0.2592402606458915,7,16,1.2592402606458915
2024-11-02,C2000,A1024,145.0,2,44,0.4449,2024,11,44,2,5,Premium,52,46-55,18.78,budget,1,Green Shorts,Shorts,Bottoms,Pink,Kids,Winter,145.0,premium,26-35,27,0.2592402606458915,0,22,1.2592402606458915
2024-11-02,C2017,A1048,56.69,1,44,0.4449,2024,11,44,2,5,Mid,61,56-65,118.02,premium,1,Green Shorts,Shorts,Bottoms,Blue,Mens,Spring,56.69,mid,26-35,27,0.2592402606458915,17,46,1.2592402606458915
2024-11-02,C2002,A1036,31.66,1,44,0.4449,2024,11,44,2,5,Budget,26,26-35,19.39,budget,1,Red Shorts,Shorts,Bottoms,Black,Womens,Winter,31.66,budget,36-50,27,0.2592402606458915,2,34,1.2592402606458915
2024-11-03,C2029,A1045,140.44,2,44,0.4584,2024,11,44,3,6,Premium,60,56-65,57.88,mid,0,Blue T-shirt,T-shirt,Tops,Green,Kids,Autumn,140.44,premium,18-25,26,0.2725317930340126,29,43,1.2725317930340125
2024-11-03,C2001,A1008,48.91,2,44,0.4584,2024,11,44,3,6,Mid,55,46-55,73.02,mid,0,Blue Jacket,Jacket,Outerwear,Grey,Mens,Winter,48.91,mid,36-50,26,0.2725317930340126,1,8,1.2725317930340125
2024-11-05,C2015,A1047,45.15,1,45,0.4868,2024,11,45,5,1,Mid,43,36-45,49.47,mid,1,White Shorts,Shorts,Bottoms,Pink,Kids,Winter,45.15,mid,18-25,24,0.301194211912202,15,45,1.301194211912202
2024-11-05,C2026,A1000,44.27,2,45,0.4868,2024,11,45,5,1,Mid,41,36-45,60.29,mid,1,White Jeans,Jeans,Bottoms,Navy,Mens,Autumn,44.27,mid,26-35,24,0.301194211912202,26,0,1.301194211912202
2024-11-05,C2022,A1017,145.94,2,45,0.4868,2024,11,45,5,1,Premium,45,36-45,78.65,mid,1,White Sweater,Sweater,Tops,Navy,Kids,Autumn,145.94,premium,18-25,24,0.301194211912202,22,16,1.301194211912202
2024-11-06,C2012,A1028,39.98,2,45,0.5016,2024,11,45,6,2,Budget,32,26-35,35.96,budget,0,Brown Shorts,Shorts,Bottoms,Brown,Kids,Winter,39.98,budget,26-35,23,0.31663676937905316,12,26,1.3166367693790533
2024-11-07,C2029,A1029,123.04,1,45,0.5169,2024,11,45,7,3,Premium,60,56-65,57.88,mid,0,White Sweater,Sweater,Tops,White,Mens,Winter,123.04,premium,26-35,22,0.33287108369807955,29,27,1.3328710836980795
2024-11-09,C2014,A1026,92.37,1,45,0.5488,2024,11,45,9,5,Mid,32,26-35,17.48,budget,1,White T-shirt,T-shirt,Tops,Black,Kids,Summer,92.37,premium,18-25,20,0.36787944117144233,14,24,1.3678794411714423
2024-11-09,C2001,A1039,66.52,1,45,0.5488,2024,11,45,9,5,Mid,55,46-55,73.02,mid,0,Brown Sneakers,Sneakers,Footwear,Brown,Mens,Summer,66.52,mid,26-35,20,0.36787944117144233,1,37,1.3678794411714423
2024-11-09,C2028,A1023,27.96,2,45,0.5488,2024,11,45,9,5,Budget,64,56-65,109.5,premium,1,Navy Jeans,Jeans,Bottoms,Blue,Kids,Summer,27.96,budget,50+,20,0.36787944117144233,28,21,1.3678794411714423
2024-11-10,C2014,A1010,32.87,2,45,0.5655,2024,11,45,10,6,Budget,32,26-35,17.48,budget,1,Green Coat,Coat,Outerwear,Navy,Kids,Summer,32.87,budget,50+,19,0.3867410234545012,14,9,1.3867410234545012
2024-11-10,C2013,A1005,128.64,1,45,0.5655,2024,11,45,10,6,Premium,40,36-45,47.05,mid,1,Black Skirt,Skirt,Bottoms,Beige,Mens,Autumn,128.64,premium,36-50,19,0.3867410234545012,13,5,1.3867410234545012
2024-11-10,C2004,A1024,145.0,1,45,0.5655,2024,11,45,10,6,Premium,61,56-65,41.2,mid,1,Green Shorts,Shorts,Bottoms,Pink,Kids,Winter,145.0,premium,26-35,19,0.3867410234545012,4,22,1.3867410234545012
2024-11-11,C2000,A1033,123.11,1,46,0.5827,2024,11,46,11,0,Premium,52,46-55,18.78,budget,1,Black Jacket,Jacket,Outerwear,Navy,Mens,Winter,123.11,premium,18-25,18,0.4065696597405991,0,31,1.4065696597405992
2024-11-11,C2011,A1005,128.64,2,46,0.5827,2024,11,46,11,0,Premium,42,36-45,106.58,premium,0,Black Skirt,Skirt,Bottoms,Beige,Mens,Autumn,128.64,premium,36-50,18,0.4065696597405991,11,5,1.4065696597405992
2024-11-12,C2006,A1029,123.04,2,46,0.6005,2024,11,46,12,1,Premium,57,56-65,93.7,premium,1,White Sweater,Sweater,Tops,White,Mens,Winter,123.04,premium,26-35,17,0.42741493194872665,6,27,1.4274149319487266
2024-11-12,C2021,A1011,127.99,1,46,0.6005,2024,11,46,12,1,Premium,40,36-45,91.5,premium,1,Red Jacket,Jacket,Outerwear,Black,Kids,Autumn,127.99,premium,18-25,17,0.42741493194872665,21,10,1.4274149319487266
2024-11-13,C2009,A1044,71.34,2,46,0.6188,2024,11,46,13,2,Mid,44,36-45,99.23,premium,1,Brown Blouse,Blouse,Tops,Navy,Womens,Summer,71.34,mid,36-50,16,0.44932896411722156,9,42,1.4493289641172216
2024-11-14,C2022,A1001,14.44,2,46,0.6376,2024,11,46,14,3,Budget,45,36-45,78.65,mid,1,Red Jeans,Jeans,Bottoms,Red,Kids,Winter,14.44,budget,18-25,15,0.4723665527410147,22,1,1.4723665527410148
2024-11-14,C2004,A1014,135.69,2,46,0.6376,2024,11,46,14,3,Premium,61,56-65,41.2,mid,1,Grey Coat,Coat,Outerwear,Red,Womens,Winter,135.69,premium,50+,15,0.4723665527410147,4,13,1.4723665527410148
2024-11-14,C2011,A1046,48.12,1,46,0.6376,2024,11,46,14,3,Mid,42,36-45,106.58,premium,0,Grey Jeans,Jeans,Bottoms,Red,Mens,Summer,48.12,mid,26-35,15,0.4723665527410147,11,44,1.4723665527410148
2024-11-15,C2022,A1040,68.68,1,46,0.657,2024,11,46,15,4,Mid,45,36-45,78.65,mid,1,Green T-shirt,T-shirt,Tops,Red,Kids,Spring,68.68,mid,36-50,14,0.49658530379140947,22,38,1.4965853037914094
2024-11-15,C2018,A1042,96.95,2,46,0.657,2024,11,46,15,4,Premium,19,19-25,27.11,budget,1,White Jeans,Jeans,Bottoms,Navy,Mens,Winter,96.95,premium,18-25,14,0.49658530379140947,18,40,1.4965853037914094
2024-11-16,C2023,A1036,31.66,2,46,0.6771,2024,11,46,16,5,Budget,42,36-45,109.45,premium,1,Red Shorts,Shorts,Bottoms,Black,Womens,Winter,31.66,budget,36-50,13,0.522045776761016,23,34,1.522045776761016
2024-11-16,C2016,A1047,45.15,1,46,0.6771,2024,11,46,16,5,Mid,35,26-35,51.87,mid,0,White Shorts,Shorts,Bottoms,Pink,Kids,Winter,45.15,mid,18-25,13,0.522045776761016,16,45,1.522045776761016
2024-11-17,C2019,A1039,66.52,1,46,0.6977,2024,11,46,17,6,Mid,29,26-35,75.96,mid,1,Brown Sneakers,Sneakers,Footwear,Brown,Mens,Summer,66.52,mid,26-35,12,0.5488116360940264,19,37,1.5488116360940265
2024-11-17,C2023,A1031,122.07,2,46,0.6977,2024,11,46,17,6,Premium,42,36-45,109.45,premium,1,Red Skirt,Skirt,Bottoms,Red,Kids,Autumn,122.07,premium,18-25,12,0.5488116360940264,23,29,1.5488116360940265
2024-11-18,C2025,A1034,33.27,2,47,0.7189,2024,11,47,18,0,Budget,18,0-18,69.59,mid,1,Beige T-shirt,T-shirt,Tops,Red,Mens,Summer,33.27,budget,50+,11,0.5769498103804866,25,32,1.5769498103804866
2024-11-18,C2023,A1006,21.02,1,47,0.7189,2024,11,47,18,0,Budget,42,36-45,109.45,premium,1,Brown Coat,Coat,Outerwear,Grey,Mens,Winter,21.02,budget,36-50,11,0.5769498103804866,23,6,1.5769498103804866
2024-11-19,C2024,A1031,122.07,2,47,0.7408,2024,11,47,19,1,Premium,34,26-35,19.66,budget,0,Red Skirt,Skirt,Bottoms,Red,Kids,Autumn,122.07,premium,18-25,10,0.6065306597126334,24,29,1.6065306597126334
2024-11-19,C2022,A1025,26.93,1,47,0.7408,2024,11,47,19,1,Budget,45,36-45,78.65,mid,1,White Blouse,Blouse,Tops,Grey,Womens,Winter,26.93,budget,26-35,10,0.6065306597126334,22,23,1.6065306597126334
2024-11-19,C2021,A1015,22.72,2,47,0.7408,2024,11,47,19,1,Budget,40,36-45,91.5,premium,1,White Dress,Dress,Dresses,Blue,Kids,Winter,22.72,budget,18-25,10,0.6065306597126334,21,14,1.6065306597126334
2024-11-20,C2007,A1017,145.94,2,47,0.7634,2024,11,47,20,2,Premium,28,26-35,117.5,premium,1,White Sweater,Sweater,Tops,Navy,Kids,Autumn,145.94,premium,18-25,9,0.6376281516217733,7,16,1.6376281516217732
2024-11-20,C2006,A1016,93.49,1,47,0.7634,2024,11,47,20,2,Premium,57,56-65,93.7,premium,1,Pink Dress,Dress,Dresses,Brown,Kids,Winter,93.49,premium,50+,9,0.6376281516217733,6,15,1.6376281516217732
2024-11-20,C2003,A1040,68.68,1,47,0.7634,2024,11,47,20,2,Mid,20,19-25,109.39,premium,1,Green T-shirt,T-shirt,Tops,Red,Kids,Spring,68.68,mid,36-50,9,0.6376281516217733,3,38,1.6376281516217732
2024-11-21,C2008,A1049,88.52,2,47,0.7866,2024,11,47,21,3,Mid,44,36-45,17.6,budget,1,White Sweater,Sweater,Tops,Blue,Kids,Winter,88.52,mid,18-25,8,0.6703200460356393,8,47,1.6703200460356393
2024-11-21,C2026,A1031,122.07,1,47,0.7866,2024,11,47,21,3,Premium,41,36-45,60.29,mid,1,Red Skirt,Skirt,Bottoms,Red,Kids,Autumn,122.07,premium,18-25,8,0.6703200460356393,26,29,1.6703200460356393
2024-11-21,C2008,A1029,123.04,2,47,0.7866,2024,11,47,21,3,Premium,44,36-45,17.6,budget,1,White Sweater,Sweater,Tops,White,Mens,Winter,123.04,premium,26-35,8,0.6703200460356393,8,27,1.6703200460356393
2024-11-21,C2013,A1044,71.34,2,47,0.7866,2024,11,47,21,3,Mid,40,36-45,47.05,mid,1,Brown Blouse,Blouse,Tops,Navy,Womens,Summer,71.34,mid,36-50,8,0.6703200460356393,13,42,1.6703200460356393
2024-11-21,C2006,A1039,66.52,2,47,0.7866,2024,11,47,21,3,Mid,57,56-65,93.7,premium,1,Brown Sneakers,Sneakers,Footwear,Brown,Mens,Summer,66.52,mid,26-35,8,0.6703200460356393,6,37,1.6703200460356393
2024-11-22,C2004,A1017,145.94,1,47,0.8106,2024,11,47,22,4,Premium,61,56-65,41.2,mid,1,White Sweater,Sweater,Tops,Navy,Kids,Autumn,145.94,premium,18-25,7,0.7046880897187134,4,16,1.7046880897187133
2024-11-23,C2001,A1048,56.69,1,47,0.8353,2024,11,47,23,5,Mid,55,46-55,73.02,mid,0,Green Shorts,Shorts,Bottoms,Blue,Mens,Spring,56.69,mid,26-35,6,0.7408182206817179,1,46,1.7408182206817178
2024-11-24,C2002,A1018,25.61,2,47,0.8607,2024,11,47,24,6,Budget,26,26-35,19.39,budget,1,Blue Shorts,Shorts,Bottoms,Beige,Kids,Autumn,25.61,budget,50+,5,0.7788007830714049,2,17,1.778800783071405
2024-11-25,C2021,A1025,26.93,1,48,0.8869,2024,11,48,25,0,Budget,40,36-45,91.5,premium,1,White Blouse,Blouse,Tops,Grey,Womens,Winter,26.93,budget,26-35,4,0.8187307530779818,21,23,1.8187307530779817
2024-11-25,C2000,A1029,123.04,2,48,0.8869,2024,11,48,25,0,Premium,52,46-55,18.78,budget,1,White Sweater,Sweater,Tops,White,Mens,Winter,123.04,premium,26-35,4,0.8187307530779818,0,27,1.8187307530779817
2024-11-26,C2023,A1011,127.99,2,48,0.9139,2024,11,48,26,1,Premium,42,36-45,109.45,premium,1,Red Jacket,Jacket,Outerwear,Black,Kids,Autumn,127.99,premium,18-25,3,0.8607079764250578,23,10,1.8607079764250578
2024-11-26,C2009,A1014,135.69,1,48,0.9139,2024,11,48,26,1,Premium,44,36-45,99.23,premium,1,Grey Coat,Coat,Outerwear,Red,Womens,Winter,135.69,premium,50+,3,0.8607079764250578,9,13,1.8607079764250578
2024-11-26,C2026,A1017,145.94,1,48,0.9139,2024,11,48,26,1,Premium,41,36-45,60.29,mid,1,White Sweater,Sweater,Tops,Navy,Kids,Autumn,145.94,premium,18-25,3,0.8607079764250578,26,16,1.8607079764250578
2024-11-26,C2017,A1010,32.87,1,48,0.9139,2024,11,48,26,1,Budget,61,56-65,118.02,premium,1,Green Coat,Coat,Outerwear,Navy,Kids,Summer,32.87,budget,50+,3,0.8607079764250578,17,9,1.8607079764250578
2024-11-26,C2024,A1046,48.12,1,48,0.9139,2024,11,48,26,1,Mid,34,26-35,19.66,budget,0,Grey Jeans,Jeans,Bottoms,Red,Mens,Summer,48.12,mid,26-35,3,0.8607079764250578,24,44,1.8607079764250578
2024-11-26,C2023,A1043,28.53,2,48,0.9139,2024,11,48,26,1,Budget,42,36-45,109.45,premium,1,White Jacket,Jacket,Outerwear,Red,Kids,Autumn,28.53,budget,36-50,3,0.8607079764250578,23,41,1.8607079764250578
2024-11-27,C2019,A1007,16.41,1,48,0.9418,2024,11,48,27,2,Budget,29,26-35,75.96,mid,1,Green Sneakers,Sneakers,Footwear,White,Mens,Spring,16.41,budget,26-35,2,0.9048374180359595,19,7,1.9048374180359595
2024-11-27,C2007,A1016,93.49,1,48,0.9418,2024,11,48,27,2,Premium,28,26-35,117.5,premium,1,Pink Dress,Dress,Dresses,Brown,Kids,Winter,93.49,premium,50+,2,0.9048374180359595,7,15,1.9048374180359595
2024-11-28,C2004,A1045,140.44,1,48,0.9704,2024,11,48,28,3,Premium,61,56-65,41.2,mid,1,Blue T-shirt,T-shirt,Tops,Green,Kids,Autumn,140.44,premium,18-25,1,0.951229424500714,4,43,1.951229424500714
2024-11-28,C2015,A1041,65.4,2,48,0.9704,2024,11,48,28,3,Mid,43,36-45,49.47,mid,1,Beige Blouse,Blouse,Tops,Grey,Mens,Autumn,65.4,mid,36-50,1,0.951229424500714,15,39,1.951229424500714
2024-11-28,C2019,A1030,67.54,2,48,0.9704,2024,11,48,28,3,Mid,29,26-35,75.96,mid,1,White Skirt,Skirt,Bottoms,Black,Womens,Winter,67.54,mid,18-25,1,0.951229424500714,19,28,1.951229424500714
2024-11-29,C2009,A1035,63.05,1,48,1.0,2024,11,48,29,4,Mid,44,36-45,99.23,premium,1,Green Skirt,Skirt,Bottoms,Beige,Mens,Summer,63.05,mid,50+,0,1.0,9,33,2.0
2024-11-29,C2012,A1031,122.07,2,48,1.0,2024,11,48,29,4,Premium,32,26-35,35.96,budget,0,Red Skirt,Skirt,Bottoms,Red,Kids,Autumn,122.07,premium,18-25,0,1.0,12,29,2.0
2024-11-29,C2004,A1040,68.68,2,48,1.0,2024,11,48,29,4,Mid,61,56-65,41.2,mid,1,Green T-shirt,T-shirt,Tops,Red,Kids,Spring,68.68,mid,36-50,0,1.0,4,38,2.0
2024-11-29,C2027,A1029,123.04,1,48,1.0,2024,11,48,29,4,Premium,57,56-65,47.96,mid,1,White Sweater,Sweater,Tops,White,Mens,Winter,123.04,premium,26-35,0,1.0,27,27,2.0
2024-11-29,C2012,A1017,145.94,2,48,1.0,2024,11,48,29,4,Premium,32,26-35,35.96,budget,0,White Sweater,Sweater,Tops,Navy,Kids,Autumn,145.94,premium,18-25,0,1.0,12,16,2.0
2024-11-29,C2007,A1036,31.66,2,48,1.0,2024,11,48,29,4,Budget,28,26-35,117.5,premium,1,Red Shorts,Shorts,Bottoms,Black,Womens,Winter,31.66,budget,36-50,0,1.0,7,34,2.0
